match_id,turn,records,players,alive_count,rank,name,canonical,family,alive,score,material,gold,bases,buildings,units,hp
011e99bd,405,406,19,1,1,random-4,random,baseline,False,282843,1873,280970,0,5,0,373
011e99bd,405,406,19,1,2,random-3,random,baseline,False,246770,0,246770,0,0,0,0
011e99bd,405,406,19,1,3,random-16,random,baseline,False,226690,0,226690,0,0,0,0
011e99bd,405,406,19,1,4,random-12,random,baseline,False,215310,0,215310,0,0,0,0
011e99bd,405,406,19,1,5,random-17,random,baseline,False,209170,0,209170,0,0,0,0
011e99bd,405,406,19,1,6,random-13,random,baseline,False,197410,0,197410,0,0,0,0
011e99bd,405,406,19,1,7,random-2,random,baseline,False,179930,0,179930,0,0,0,0
011e99bd,405,406,19,1,8,shizhen-gemini,shizhen-gemini,gemini,True,178690,67460,111230,4,26,72,12460
011e99bd,405,406,19,1,9,random-7,random,baseline,False,174490,0,174490,0,0,0,0
011e99bd,405,406,19,1,10,random-9,random,baseline,False,166860,0,166860,0,0,0,0
011e99bd,405,406,19,1,11,random-1,random,baseline,False,153300,0,153300,0,0,0,0
011e99bd,405,406,19,1,12,random-8,random,baseline,False,140930,0,140930,0,0,0,0
011e99bd,405,406,19,1,13,random-5,random,baseline,False,133820,0,133820,0,0,0,0
011e99bd,405,406,19,1,14,random-11,random,baseline,False,123170,0,123170,0,0,0,0
011e99bd,405,406,19,1,15,random-14,random,baseline,False,100300,0,100300,0,0,0,0
011e99bd,405,406,19,1,16,random-6,random,baseline,False,93110,0,93110,0,0,0,0
011e99bd,405,406,19,1,17,random-10,random,baseline,False,87620,0,87620,0,0,0,0
011e99bd,405,406,19,1,18,random-15,random,baseline,False,41450,0,41450,0,0,0,0
011e99bd,405,406,19,1,19,shizhen-gpt,shizhen-gpt,gpt,False,60,0,60,0,0,0,0
144671d9,80,81,20,20,1,xinyang,xinyang,xinyang,True,199326,169616,29710,15,36,12,7616
144671d9,80,81,20,20,2,yilin-frozen,yilin,yilin,True,85715,57705,28010,4,23,37,7105
144671d9,80,81,20,20,3,gpt-expansion-fortress,gpt-expansion-fortress,gpt,True,64008,56238,7770,4,18,37,7138
144671d9,80,81,20,20,4,gpt-scout-vision,gpt-scout-vision,gpt,True,53730,45770,7960,3,18,35,6870
144671d9,80,81,20,20,5,gpt-diplomacy,gpt-diplomacy,gpt,True,52601,46371,6230,3,18,37,7271
144671d9,80,81,20,20,6,gpt-balanced,gpt-balanced,gpt,True,52040,45870,6170,3,17,37,7070
144671d9,80,81,20,20,7,v1-base-assault-05,v1-base-assault,v1,True,51635,44885,6750,3,13,40,6985
144671d9,80,81,20,20,8,v1-base-assault-09,v1-base-assault,v1,True,48920,44120,4800,3,13,36,6620
144671d9,80,81,20,20,9,v1-base-assault-01,v1-base-assault,v1,True,47030,41400,5630,3,13,26,4900
144671d9,80,81,20,20,10,v1-base-assault-10,v1-base-assault,v1,True,43275,41925,1350,3,13,35,4525
144671d9,80,81,20,20,11,v1-base-assault-11,v1-base-assault,v1,True,42399,42179,220,3,13,27,5579
144671d9,80,81,20,20,12,v1-base-assault-06,v1-base-assault,v1,True,42392,41652,740,3,13,28,4952
144671d9,80,81,20,20,13,v1-base-assault-03,v1-base-assault,v1,True,41269,40969,300,3,13,23,4769
144671d9,80,81,20,20,14,v1-base-assault-04,v1-base-assault,v1,True,39686,39426,260,3,13,19,3626
144671d9,80,81,20,20,15,v1-base-assault-07,v1-base-assault,v1,True,38225,37685,540,3,13,11,2685
144671d9,80,81,20,20,16,gpt-air-control,gpt-air-control,gpt,True,37357,37017,340,3,12,7,2717
144671d9,80,81,20,20,17,v1-base-assault-08,v1-base-assault,v1,True,29886,29466,420,2,12,19,3966
144671d9,80,81,20,20,18,v1-base-assault-02,v1-base-assault,v1,True,28241,27891,350,2,12,16,2691
144671d9,80,81,20,20,19,yilin-current,yilin-current,yilin,True,19936,18066,1870,1,9,19,3466
144671d9,80,81,20,20,20,gemini,gemini,gemini,True,11720,11710,10,1,2,4,710
16760ce6,20,21,20,20,1,gpt-09,gpt,gpt,True,16944,16644,300,1,8,17,2544
16760ce6,20,21,20,20,2,gpt-08,gpt,gpt,True,16660,16360,300,1,10,10,2360
16760ce6,20,21,20,20,3,v1-02,v1,v1,True,15818,15228,590,1,5,16,2128
16760ce6,20,21,20,20,4,v1-07,v1,v1,True,15816,15166,650,1,5,16,2066
16760ce6,20,21,20,20,5,gpt-03,gpt,gpt,True,15733,15463,270,1,6,15,2163
16760ce6,20,21,20,20,6,v1-08,v1,v1,True,15728,15028,700,1,5,15,2028
16760ce6,20,21,20,20,7,v1-01,v1,v1,True,15600,15250,350,1,5,16,2150
16760ce6,20,21,20,20,8,gpt-06,gpt,gpt,True,15478,15338,140,1,6,14,2138
16760ce6,20,21,20,20,9,gpt-02,gpt,gpt,True,15473,15323,150,1,5,17,2123
16760ce6,20,21,20,20,10,v1-09,v1,v1,True,15268,15068,200,1,5,15,2068
16760ce6,20,21,20,20,11,gpt-07,gpt,gpt,True,14884,14794,90,1,5,14,1894
16760ce6,20,21,20,20,12,gpt-05,gpt,gpt,True,14499,14419,80,1,5,11,1819
16760ce6,20,21,20,20,13,gemini,gemini,gemini,True,14411,14321,90,1,4,14,1721
16760ce6,20,21,20,20,14,gpt-04,gpt,gpt,True,14330,14250,80,1,5,10,1750
16760ce6,20,21,20,20,15,gpt-01,gpt,gpt,True,14306,14226,80,1,5,10,1726
16760ce6,20,21,20,20,16,v1-03,v1,v1,True,14250,14010,240,1,5,9,1610
16760ce6,20,21,20,20,17,v1-05,v1,v1,True,14108,13928,180,1,4,11,1628
16760ce6,20,21,20,20,18,v1-10,v1,v1,True,13998,13918,80,1,4,11,1618
16760ce6,20,21,20,20,19,v1-04,v1,v1,True,13804,13724,80,1,4,10,1524
16760ce6,20,21,20,20,20,v1-06,v1,v1,True,13742,13512,230,1,4,9,1412
1756bc46,300,301,20,4,1,yilin,yilin,yilin,True,137950,16700,121250,1,6,21,2800
1756bc46,300,301,20,4,2,shizhen-gemini,shizhen-gemini,gemini,True,91769,67079,24690,4,25,62,13379
1756bc46,300,301,20,4,3,random-5,random,baseline,False,71790,0,71790,0,0,0,0
1756bc46,300,301,20,4,4,baseline,baseline,baseline,True,64376,46576,17800,3,17,42,7276
1756bc46,300,301,20,4,5,random-15,random,baseline,False,52430,0,52430,0,0,0,0
1756bc46,300,301,20,4,6,shizhen-gpt,shizhen-gpt,gpt,True,52139,51429,710,3,23,52,9329
1756bc46,300,301,20,4,7,random-10,random,baseline,False,51190,0,51190,0,0,0,0
1756bc46,300,301,20,4,8,random-11,random,baseline,False,44960,0,44960,0,0,0,0
1756bc46,300,301,20,4,9,random-9,random,baseline,False,28350,0,28350,0,0,0,0
1756bc46,300,301,20,4,10,random-16,random,baseline,False,26600,0,26600,0,0,0,0
1756bc46,300,301,20,4,11,random-2,random,baseline,False,18030,0,18030,0,0,0,0
1756bc46,300,301,20,4,12,random-4,random,baseline,False,15070,0,15070,0,0,0,0
1756bc46,300,301,20,4,13,random-12,random,baseline,False,12740,0,12740,0,0,0,0
1756bc46,300,301,20,4,14,random-8,random,baseline,False,12030,0,12030,0,0,0,0
1756bc46,300,301,20,4,15,random-6,random,baseline,False,6540,0,6540,0,0,0,0
1756bc46,300,301,20,4,16,random-7,random,baseline,False,6220,0,6220,0,0,0,0
1756bc46,300,301,20,4,17,random-14,random,baseline,False,5880,0,5880,0,0,0,0
1756bc46,300,301,20,4,18,random-13,random,baseline,False,5030,0,5030,0,0,0,0
1756bc46,300,301,20,4,19,random-1,random,baseline,False,4680,0,4680,0,0,0,0
1756bc46,300,301,20,4,20,random-3,random,baseline,False,2580,0,2580,0,0,0,0
17d4da36,140,141,20,16,1,v1-08,v1,v1,True,86549,49169,37380,3,17,54,8669
17d4da36,140,141,20,16,2,v1-09,v1,v1,True,83885,44605,39280,3,17,33,6205
17d4da36,140,141,20,16,3,v1-02,v1,v1,True,67893,48733,19160,3,16,52,8733
17d4da36,140,141,20,16,4,v1-07,v1,v1,True,65095,48165,16930,3,17,50,8065
17d4da36,140,141,20,16,5,target-gpt,target-gpt,gpt,True,61318,60638,680,4,23,43,9438
17d4da36,140,141,20,16,6,gpt-frozen-09,gpt,gpt,True,61049,60549,500,4,24,43,9049
17d4da36,140,141,20,16,7,gpt-frozen-01,gpt,gpt,True,59249,58609,640,4,22,39,8109
17d4da36,140,141,20,16,8,gpt-frozen-02,gpt,gpt,True,58196,57006,1190,4,21,39,6806
17d4da36,140,141,20,16,9,v1-03,v1,v1,True,55347,48697,6650,3,18,54,7897
17d4da36,140,141,20,16,10,v1-04,v1,v1,True,52388,43908,8480,3,17,28,6008
17d4da36,140,141,20,16,11,gpt-frozen-06,gpt,gpt,True,49282,48372,910,3,20,42,8172
17d4da36,140,141,20,16,12,gpt-frozen-04,gpt,gpt,True,48411,48001,410,4,12,12,3201
17d4da36,140,141,20,16,13,v1-01,v1,v1,True,44394,42904,1490,3,13,34,5604
17d4da36,140,141,20,16,14,gpt-frozen-07,gpt,gpt,True,16257,16167,90,1,5,22,2467
17d4da36,140,141,20,16,15,v1-10,v1,v1,True,14732,14652,80,1,5,13,1852
17d4da36,140,141,20,16,16,v1-05,v1,v1,True,13973,13893,80,1,5,8,1593
17d4da36,140,141,20,16,17,gpt-frozen-08,gpt,gpt,False,150,0,150,0,0,0,0
17d4da36,140,141,20,16,18,gpt-frozen-03,gpt,gpt,False,90,0,90,0,0,0,0
17d4da36,140,141,20,16,19,v1-06,v1,v1,False,70,0,70,0,0,0,0
17d4da36,140,141,20,16,20,gpt-frozen-05,gpt,gpt,False,40,0,40,0,0,0,0
1c96b390,5,6,20,20,1,v1-defense,v1-defense,v1,True,12550,12400,150,1,5,0,900
1c96b390,5,6,20,20,2,gpt-expansion-fortress,gpt-expansion-fortress,gpt,True,12550,12400,150,1,5,0,900
1c96b390,5,6,20,20,3,gpt-defense,gpt-defense,gpt,True,12490,12400,90,1,5,0,900
1c96b390,5,6,20,20,4,v1-scout-vision,v1-scout-vision,v1,True,12490,12400,90,1,5,0,900
1c96b390,5,6,20,20,5,v1-gold-bank,v1-gold-bank,v1,True,12150,11900,250,1,4,0,700
1c96b390,5,6,20,20,6,gpt-resource,gpt-resource,gpt,True,12050,11900,150,1,4,0,700
1c96b390,5,6,20,20,7,gpt-diplomacy,gpt-diplomacy,gpt,True,12050,11900,150,1,4,0,700
1c96b390,5,6,20,20,8,v1-diplomacy,v1-diplomacy,v1,True,12050,11900,150,1,4,0,700
1c96b390,5,6,20,20,9,gpt-base-assault,gpt-base-assault,gpt,True,12050,11900,150,1,4,0,700
1c96b390,5,6,20,20,10,v1-infantry-swarm,v1-infantry-swarm,v1,True,12050,11900,150,1,4,0,700
1c96b390,5,6,20,20,11,gpt-balanced,gpt-balanced,gpt,True,12050,11900,150,1,4,0,700
1c96b390,5,6,20,20,12,target-gpt,target-gpt,gpt,True,11990,11900,90,1,4,0,700
1c96b390,5,6,20,20,13,v1-base-assault,v1-base-assault,v1,True,11990,11900,90,1,4,0,700
1c96b390,5,6,20,20,14,v1-resource,v1-resource,v1,True,11980,11900,80,1,4,0,700
1c96b390,5,6,20,20,15,gpt-ground-rush,gpt-ground-rush,gpt,True,11980,11900,80,1,4,0,700
1c96b390,5,6,20,20,16,v1-ground-rush,v1-ground-rush,v1,True,11980,11900,80,1,4,0,700
1c96b390,5,6,20,20,17,v1-air-control,v1-air-control,v1,True,11980,11900,80,1,4,0,700
1c96b390,5,6,20,20,18,gpt-scout-vision,gpt-scout-vision,gpt,True,11980,11900,80,1,4,0,700
1c96b390,5,6,20,20,19,v1-balanced,v1-balanced,v1,True,11980,11900,80,1,4,0,700
1c96b390,5,6,20,20,20,gpt-air-control,gpt-air-control,gpt,True,11150,11100,50,1,2,0,500
1ff4e9f5,300,301,3,3,1,yilin,yilin,yilin,True,156324,57774,98550,3,21,90,12474
1ff4e9f5,300,301,3,3,2,shizhen-gpt,shizhen-gpt,gpt,True,91866,65966,25900,4,24,57,13066
1ff4e9f5,300,301,3,3,3,shizhen-gemini,shizhen-gemini,gemini,True,34807,34357,450,2,20,30,5357
21ca51bf,50,51,20,20,1,gpt-03,gpt,gpt,True,58433,53213,5220,4,15,31,5613
21ca51bf,50,51,20,20,2,v1-03,v1,v1,True,50160,49580,580,4,13,17,3980
21ca51bf,50,51,20,20,3,gpt-09,gpt,gpt,True,47024,40914,6110,3,13,25,4514
21ca51bf,50,51,20,20,4,gpt-08,gpt,gpt,True,44640,39560,5080,3,13,16,4060
21ca51bf,50,51,20,20,5,gpt-06,gpt,gpt,True,43908,40358,3550,3,13,22,4258
21ca51bf,50,51,20,20,6,gpt-07,gpt,gpt,True,42374,39634,2740,3,13,20,3734
21ca51bf,50,51,20,20,7,gpt-04,gpt,gpt,True,40350,40010,340,3,13,19,4210
21ca51bf,50,51,20,20,8,gpt-05,gpt,gpt,True,39406,39226,180,3,12,19,3726
21ca51bf,50,51,20,20,9,v1-08,v1,v1,True,32978,28128,4850,2,9,20,3428
21ca51bf,50,51,20,20,10,v1-02,v1,v1,True,32528,28248,4280,2,9,22,3348
21ca51bf,50,51,20,20,11,v1-07,v1,v1,True,32056,27816,4240,2,9,19,3216
21ca51bf,50,51,20,20,12,v1-09,v1,v1,True,31548,28608,2940,2,9,22,3708
21ca51bf,50,51,20,20,13,v1-01,v1,v1,True,31090,28200,2890,2,9,20,3500
21ca51bf,50,51,20,20,14,gemini,gemini,gemini,True,30501,30241,260,2,11,29,4041
21ca51bf,50,51,20,20,15,v1-06,v1,v1,True,28820,27500,1320,2,9,16,3200
21ca51bf,50,51,20,20,16,gpt-01,gpt,gpt,True,28376,28146,230,2,8,23,3446
21ca51bf,50,51,20,20,17,v1-10,v1,v1,True,27958,27528,430,2,9,17,3128
21ca51bf,50,51,20,20,18,v1-04,v1,v1,True,27437,27207,230,2,9,15,3007
21ca51bf,50,51,20,20,19,gpt-02,gpt,gpt,True,16120,15970,150,1,5,21,2370
21ca51bf,50,51,20,20,20,v1-05,v1,v1,True,15548,15448,100,1,6,15,2148
2b7b4e4c,300,301,20,3,1,xinyang,xinyang,xinyang,False,488340,0,488340,0,0,0,0
2b7b4e4c,300,301,20,3,2,yilin,yilin,yilin,True,339520,177190,162330,8,65,340,43690
2b7b4e4c,300,301,20,3,3,shizhen-gpt,shizhen-gpt,gpt,True,68910,67940,970,4,25,67,13740
2b7b4e4c,300,301,20,3,4,random-8,random,baseline,False,54080,0,54080,0,0,0,0
2b7b4e4c,300,301,20,3,5,baseline,baseline,baseline,True,43494,43054,440,3,18,27,4954
2b7b4e4c,300,301,20,3,6,random-13,random,baseline,False,40390,0,40390,0,0,0,0
2b7b4e4c,300,301,20,3,7,random-12,random,baseline,False,30300,0,30300,0,0,0,0
2b7b4e4c,300,301,20,3,8,random-9,random,baseline,False,27340,0,27340,0,0,0,0
2b7b4e4c,300,301,20,3,9,random-14,random,baseline,False,26720,0,26720,0,0,0,0
2b7b4e4c,300,301,20,3,10,random-7,random,baseline,False,23940,0,23940,0,0,0,0
2b7b4e4c,300,301,20,3,11,random-2,random,baseline,False,19530,0,19530,0,0,0,0
2b7b4e4c,300,301,20,3,12,random-3,random,baseline,False,18390,0,18390,0,0,0,0
2b7b4e4c,300,301,20,3,13,random-10,random,baseline,False,18340,0,18340,0,0,0,0
2b7b4e4c,300,301,20,3,14,random-6,random,baseline,False,18330,0,18330,0,0,0,0
2b7b4e4c,300,301,20,3,15,random-4,random,baseline,False,17050,0,17050,0,0,0,0
2b7b4e4c,300,301,20,3,16,random-1,random,baseline,False,11370,0,11370,0,0,0,0
2b7b4e4c,300,301,20,3,17,random-15,random,baseline,False,11100,0,11100,0,0,0,0
2b7b4e4c,300,301,20,3,18,random-11,random,baseline,False,10480,0,10480,0,0,0,0
2b7b4e4c,300,301,20,3,19,random-5,random,baseline,False,4440,0,4440,0,0,0,0
2b7b4e4c,300,301,20,3,20,shizhen-gemini,shizhen-gemini,gemini,False,60,0,60,0,0,0,0
3261f06f,21,22,20,20,1,v1-07,v1,v1,True,26041,25771,270,2,6,16,2371
3261f06f,21,22,20,20,2,gpt-02,gpt,gpt,True,25476,24916,560,2,7,10,1816
3261f06f,21,22,20,20,3,gpt-04,gpt,gpt,True,24100,23970,130,2,6,6,1570
3261f06f,21,22,20,20,4,gpt-01,gpt,gpt,True,23724,23544,180,2,5,6,1444
3261f06f,21,22,20,20,5,v1-08,v1,v1,True,16106,15816,290,1,5,19,2416
3261f06f,21,22,20,20,6,v1-02,v1,v1,True,15870,15070,800,1,5,15,2070
3261f06f,21,22,20,20,7,gpt-03,gpt,gpt,True,15803,15543,260,1,7,14,2043
3261f06f,21,22,20,20,8,v1-01,v1,v1,True,15800,14890,910,1,5,14,1990
3261f06f,21,22,20,20,9,gpt-09,gpt,gpt,True,15693,15533,160,1,6,16,2133
3261f06f,21,22,20,20,10,v1-09,v1,v1,True,15576,14866,710,1,5,14,1966
3261f06f,21,22,20,20,11,gpt-08,gpt,gpt,True,15521,15261,260,1,7,13,1861
3261f06f,21,22,20,20,12,gpt-07,gpt,gpt,True,15444,15284,160,1,7,13,1884
3261f06f,21,22,20,20,13,gemini,gemini,gemini,True,14904,14784,120,1,5,14,1884
3261f06f,21,22,20,20,14,gpt-06,gpt,gpt,True,14658,14338,320,1,4,14,1738
3261f06f,21,22,20,20,15,v1-03,v1,v1,True,14580,13810,770,1,5,8,1510
3261f06f,21,22,20,20,16,v1-05,v1,v1,True,14040,13960,80,1,4,11,1660
3261f06f,21,22,20,20,17,v1-06,v1,v1,True,14020,13940,80,1,4,11,1640
3261f06f,21,22,20,20,18,v1-04,v1,v1,True,14006,13926,80,1,4,11,1626
3261f06f,21,22,20,20,19,v1-10,v1,v1,True,13620,13390,230,1,5,6,1290
3261f06f,21,22,20,20,20,gpt-05,gpt,gpt,True,13396,13316,80,1,4,8,1316
346609fd,44,45,20,18,1,live-yilin,live-yilin,yilin,True,45712,44892,820,3,17,36,6192
346609fd,44,45,20,18,2,gemini-17,gemini,gemini,True,39969,39309,660,3,11,26,3409
346609fd,44,45,20,18,3,gemini-03,gemini,gemini,True,28032,27782,250,2,9,22,2882
346609fd,44,45,20,18,4,gemini-11,gemini,gemini,True,26465,26355,110,2,6,20,2555
346609fd,44,45,20,18,5,gemini-16,gemini,gemini,True,25481,25371,110,2,5,20,1871
346609fd,44,45,20,18,6,frozen-yilin,frozen-yilin,yilin,True,17027,16237,790,1,5,20,2737
346609fd,44,45,20,18,7,gemini-08,gemini,gemini,True,16734,16654,80,1,5,23,2854
346609fd,44,45,20,18,8,gemini-15,gemini,gemini,True,16581,16351,230,1,7,20,2251
346609fd,44,45,20,18,9,gemini-05,gemini,gemini,True,16430,16340,90,1,4,24,2740
346609fd,44,45,20,18,10,gemini-12,gemini,gemini,True,16344,16204,140,1,5,24,2304
346609fd,44,45,20,18,11,gemini-02,gemini,gemini,True,16040,15950,90,1,4,24,2350
346609fd,44,45,20,18,12,gemini-13,gemini,gemini,True,15922,15812,110,1,6,20,2012
346609fd,44,45,20,18,13,gemini-14,gemini,gemini,True,15564,14874,690,1,6,13,1774
346609fd,44,45,20,18,14,gemini-18,gemini,gemini,True,15504,15424,80,1,5,16,2324
346609fd,44,45,20,18,15,gemini-06,gemini,gemini,True,15303,15223,80,1,5,17,2023
346609fd,44,45,20,18,16,gemini-09,gemini,gemini,True,14553,14493,60,1,4,14,1893
346609fd,44,45,20,18,17,gemini-01,gemini,gemini,True,13740,13680,60,1,4,9,1580
346609fd,44,45,20,18,18,gemini-07,gemini,gemini,True,13311,13241,70,1,4,9,1141
346609fd,44,45,20,18,19,gemini-10,gemini,gemini,False,1713,1643,70,0,3,2,543
346609fd,44,45,20,18,20,gemini-04,gemini,gemini,False,1330,1170,160,0,2,2,370
38bbab0f,278,279,20,1,1,gemini,gemini,gemini,True,158349,67239,91110,4,26,59,13539
38bbab0f,278,279,20,1,2,random-10,random,baseline,False,132630,0,132630,0,0,0,0
38bbab0f,278,279,20,1,3,yilin,yilin,yilin,False,132390,0,132390,0,0,0,0
38bbab0f,278,279,20,1,4,random-15,random,baseline,False,121040,0,121040,0,0,0,0
38bbab0f,278,279,20,1,5,random-11,random,baseline,False,116490,0,116490,0,0,0,0
38bbab0f,278,279,20,1,6,random-14,random,baseline,False,100970,0,100970,0,0,0,0
38bbab0f,278,279,20,1,7,random-9,random,baseline,False,73960,0,73960,0,0,0,0
38bbab0f,278,279,20,1,8,random-5,random,baseline,False,71920,0,71920,0,0,0,0
38bbab0f,278,279,20,1,9,random-13,random,baseline,False,56990,0,56990,0,0,0,0
38bbab0f,278,279,20,1,10,random-2,random,baseline,False,53790,0,53790,0,0,0,0
38bbab0f,278,279,20,1,11,random-7,random,baseline,False,39870,0,39870,0,0,0,0
38bbab0f,278,279,20,1,12,random-8,random,baseline,False,37920,0,37920,0,0,0,0
38bbab0f,278,279,20,1,13,random-4,random,baseline,False,37130,0,37130,0,0,0,0
38bbab0f,278,279,20,1,14,random-6,random,baseline,False,20890,0,20890,0,0,0,0
38bbab0f,278,279,20,1,15,random-16,random,baseline,False,19530,0,19530,0,0,0,0
38bbab0f,278,279,20,1,16,random-3,random,baseline,False,12190,0,12190,0,0,0,0
38bbab0f,278,279,20,1,17,random-1,random,baseline,False,5910,0,5910,0,0,0,0
38bbab0f,278,279,20,1,18,random-12,random,baseline,False,2600,0,2600,0,0,0,0
38bbab0f,278,279,20,1,19,v1,v1,v1,False,900,400,500,0,1,0,100
38bbab0f,278,279,20,1,20,gpt,gpt,gpt,False,200,0,200,0,0,0,0
3d0370c1,140,141,20,20,1,gpt-frozen-07,gpt,gpt,True,134044,67414,66630,5,24,25,7714
3d0370c1,140,141,20,20,2,gpt-frozen-02,gpt,gpt,True,108230,60520,47710,4,23,42,9420
3d0370c1,140,141,20,20,3,gpt-frozen-09,gpt,gpt,True,98960,47050,51910,3,22,34,7050
3d0370c1,140,141,20,20,4,v1-08,v1,v1,True,87668,44058,43610,3,16,33,5958
3d0370c1,140,141,20,20,5,gpt-frozen-03,gpt,gpt,True,87513,48843,38670,3,22,41,8143
3d0370c1,140,141,20,20,6,v1-07,v1,v1,True,83306,46846,36460,3,17,39,7846
3d0370c1,140,141,20,20,7,target-gpt,target-gpt,gpt,True,78418,46448,31970,3,21,31,7048
3d0370c1,140,141,20,20,8,gpt-frozen-01,gpt,gpt,True,74528,46628,27900,3,22,30,7028
3d0370c1,140,141,20,20,9,v1-03,v1,v1,True,72418,42318,30100,3,16,26,4918
3d0370c1,140,141,20,20,10,gpt-frozen-06,gpt,gpt,True,67380,43230,24150,3,18,24,5430
3d0370c1,140,141,20,20,11,v1-05,v1,v1,True,67064,42184,24880,3,15,25,5184
3d0370c1,140,141,20,20,12,v1-06,v1,v1,True,67006,43796,23210,3,17,28,5896
3d0370c1,140,141,20,20,13,gpt-frozen-05,gpt,gpt,True,66648,45158,21490,3,21,28,6058
3d0370c1,140,141,20,20,14,gpt-frozen-04,gpt,gpt,True,65256,35046,30210,2,17,31,6846
3d0370c1,140,141,20,20,15,v1-10,v1,v1,True,63878,42808,21070,3,17,25,5208
3d0370c1,140,141,20,20,16,v1-09,v1,v1,True,61418,33608,27810,2,15,32,5908
3d0370c1,140,141,20,20,17,v1-01,v1,v1,True,60040,31120,28920,2,12,28,4720
3d0370c1,140,141,20,20,18,gpt-frozen-08,gpt,gpt,True,58189,45899,12290,3,22,29,6399
3d0370c1,140,141,20,20,19,v1-02,v1,v1,True,52908,29508,23400,2,11,22,4008
3d0370c1,140,141,20,20,20,v1-04,v1,v1,True,46798,29778,17020,2,11,25,3978
51d00ac9,300,301,20,3,1,yilin,yilin,yilin,False,154690,0,154690,0,0,0,0
51d00ac9,300,301,20,3,2,shizhen-gemini,shizhen-gemini,gemini,True,76142,66642,9500,4,23,61,13642
51d00ac9,300,301,20,3,3,shizhen-gpt,shizhen-gpt,gpt,True,72379,65709,6670,4,19,59,14109
51d00ac9,300,301,20,3,4,random-5,random,baseline,False,62740,0,62740,0,0,0,0
51d00ac9,300,301,20,3,5,baseline,baseline,baseline,True,51084,47204,3880,3,15,46,8104
51d00ac9,300,301,20,3,6,random-8,random,baseline,False,46180,0,46180,0,0,0,0
51d00ac9,300,301,20,3,7,random-7,random,baseline,False,37660,0,37660,0,0,0,0
51d00ac9,300,301,20,3,8,random-10,random,baseline,False,37170,0,37170,0,0,0,0
51d00ac9,300,301,20,3,9,random-11,random,baseline,False,34390,0,34390,0,0,0,0
51d00ac9,300,301,20,3,10,random-4,random,baseline,False,32900,0,32900,0,0,0,0
51d00ac9,300,301,20,3,11,random-2,random,baseline,False,25690,0,25690,0,0,0,0
51d00ac9,300,301,20,3,12,random-15,random,baseline,False,23380,0,23380,0,0,0,0
51d00ac9,300,301,20,3,13,random-9,random,baseline,False,23080,0,23080,0,0,0,0
51d00ac9,300,301,20,3,14,random-3,random,baseline,False,19840,0,19840,0,0,0,0
51d00ac9,300,301,20,3,15,random-12,random,baseline,False,18490,0,18490,0,0,0,0
51d00ac9,300,301,20,3,16,random-16,random,baseline,False,12250,0,12250,0,0,0,0
51d00ac9,300,301,20,3,17,random-6,random,baseline,False,10950,0,10950,0,0,0,0
51d00ac9,300,301,20,3,18,random-14,random,baseline,False,5980,0,5980,0,0,0,0
51d00ac9,300,301,20,3,19,random-1,random,baseline,False,3170,0,3170,0,0,0,0
51d00ac9,300,301,20,3,20,random-13,random,baseline,False,2930,0,2930,0,0,0,0
57044de6,20,21,20,20,1,gpt-09,gpt,gpt,True,16944,16644,300,1,8,17,2544
57044de6,20,21,20,20,2,gpt-08,gpt,gpt,True,16610,16360,250,1,10,10,2360
57044de6,20,21,20,20,3,v1-02,v1,v1,True,15860,15270,590,1,5,16,2170
57044de6,20,21,20,20,4,v1-07,v1,v1,True,15853,15253,600,1,5,16,2153
57044de6,20,21,20,20,5,gpt-02,gpt,gpt,True,15829,15679,150,1,5,19,2279
57044de6,20,21,20,20,6,v1-01,v1,v1,True,15810,15460,350,1,5,17,2260
57044de6,20,21,20,20,7,v1-08,v1,v1,True,15728,15028,700,1,5,15,2028
57044de6,20,21,20,20,8,gpt-03,gpt,gpt,True,15723,15303,420,1,6,14,2103
57044de6,20,21,20,20,9,gpt-06,gpt,gpt,True,15490,15350,140,1,6,14,2150
57044de6,20,21,20,20,10,v1-09,v1,v1,True,15268,15068,200,1,5,15,2068
57044de6,20,21,20,20,11,gpt-07,gpt,gpt,True,14884,14794,90,1,5,14,1894
57044de6,20,21,20,20,12,gpt-05,gpt,gpt,True,14479,14399,80,1,5,11,1799
57044de6,20,21,20,20,13,gpt-01,gpt,gpt,True,14306,14226,80,1,5,10,1726
57044de6,20,21,20,20,14,v1-03,v1,v1,True,14300,14210,90,1,5,10,1710
57044de6,20,21,20,20,15,gpt-04,gpt,gpt,True,14288,14208,80,1,5,10,1708
57044de6,20,21,20,20,16,v1-06,v1,v1,True,14024,13894,130,1,4,11,1594
57044de6,20,21,20,20,17,gemini,gemini,gemini,True,13960,13870,90,1,4,12,1470
57044de6,20,21,20,20,18,v1-10,v1,v1,True,13936,13756,180,1,4,10,1556
57044de6,20,21,20,20,19,v1-05,v1,v1,True,13826,13746,80,1,4,10,1546
57044de6,20,21,20,20,20,v1-04,v1,v1,True,13524,13344,180,1,4,8,1344
7195dd2a,2,3,2,2,1,baseline,baseline,baseline,True,11920,11900,20,1,4,0,700
7195dd2a,2,3,2,2,2,yilin,yilin,yilin,True,11920,11600,320,1,3,0,700
7f696433,140,141,20,19,1,yilin-09,yilin,yilin,True,131110,58220,72890,4,29,27,6820
7f696433,140,141,20,19,2,yilin-04,yilin,yilin,True,96310,45280,51030,3,22,26,6080
7f696433,140,141,20,19,3,yilin-01,yilin,yilin,True,92546,57906,34640,4,26,32,6906
7f696433,140,141,20,19,4,gpt-diplomacy,gpt-diplomacy,gpt,True,88038,54848,33190,4,21,24,6148
7f696433,140,141,20,19,5,yilin-07,yilin,yilin,True,87724,46304,41420,3,21,33,6704
7f696433,140,141,20,19,6,yilin-05,yilin,yilin,True,85641,43521,42120,3,17,27,5721
7f696433,140,141,20,19,7,gpt-air-control,gpt-air-control,gpt,True,85006,69026,15980,5,25,30,8526
7f696433,140,141,20,19,8,gpt-expansion-fortress,gpt-expansion-fortress,gpt,True,81108,55958,25150,4,21,29,6758
7f696433,140,141,20,19,9,gpt-scout-vision,gpt-scout-vision,gpt,True,80159,58219,21940,4,22,39,7719
7f696433,140,141,20,19,10,yilin-08,yilin,yilin,True,71948,30758,41190,2,16,18,4158
7f696433,140,141,20,19,11,yilin-02,yilin,yilin,True,71766,45446,26320,3,22,26,6246
7f696433,140,141,20,19,12,gpt-balanced,gpt-balanced,gpt,True,71488,64618,6870,4,23,54,12318
7f696433,140,141,20,19,13,yilin-10,yilin,yilin,True,71289,45059,26230,3,22,28,5659
7f696433,140,141,20,19,14,gpt-ground-rush,gpt-ground-rush,gpt,True,70033,58763,11270,4,21,44,8063
7f696433,140,141,20,19,15,gpt-resource,gpt-resource,gpt,True,68010,57190,10820,4,21,31,7790
7f696433,140,141,20,19,16,yilin-06,yilin,yilin,True,67070,30220,36850,2,11,26,4320
7f696433,140,141,20,19,17,gpt-defense,gpt-defense,gpt,True,63410,58220,5190,4,21,38,8120
7f696433,140,141,20,19,18,gpt-base-assault,gpt-base-assault,gpt,True,59281,56991,2290,4,22,31,7291
7f696433,140,141,20,19,19,yilin-03,yilin,yilin,True,25683,16043,9640,1,6,17,2543
7f696433,140,141,20,19,20,gpt-original,gpt-original,gpt,False,10,0,10,0,0,0,0
83cff89e,24,25,20,20,1,v1-07,v1,v1,True,47371,46981,390,4,8,16,2981
83cff89e,24,25,20,20,2,gpt-02,gpt,gpt,True,27203,26863,340,2,10,14,2463
83cff89e,24,25,20,20,3,gpt-04,gpt,gpt,True,25830,25550,280,2,9,8,2050
83cff89e,24,25,20,20,4,v1-10,v1,v1,True,24350,24050,300,2,6,6,1650
83cff89e,24,25,20,20,5,gpt-09,gpt,gpt,True,17010,16170,840,1,7,17,2370
83cff89e,24,25,20,20,6,gpt-03,gpt,gpt,True,16601,15931,670,1,7,16,2231
83cff89e,24,25,20,20,7,gpt-08,gpt,gpt,True,16570,15970,600,1,7,16,2270
83cff89e,24,25,20,20,8,v1-01,v1,v1,True,16463,15023,1440,1,5,15,2023
83cff89e,24,25,20,20,9,v1-08,v1,v1,True,16368,15028,1340,1,5,15,2028
83cff89e,24,25,20,20,10,v1-09,v1,v1,True,16276,15286,990,1,5,16,2186
83cff89e,24,25,20,20,11,v1-02,v1,v1,True,16240,15060,1180,1,5,15,2060
83cff89e,24,25,20,20,12,gpt-06,gpt,gpt,True,15603,15493,110,1,5,18,2193
83cff89e,24,25,20,20,13,gemini,gemini,gemini,True,15260,15100,160,1,6,14,1900
83cff89e,24,25,20,20,14,gpt-07,gpt,gpt,True,15008,14848,160,1,6,12,1848
83cff89e,24,25,20,20,15,gpt-01,gpt,gpt,True,14758,14578,180,1,7,9,1578
83cff89e,24,25,20,20,16,v1-03,v1,v1,True,14678,13718,960,1,5,8,1418
83cff89e,24,25,20,20,17,v1-04,v1,v1,True,14360,14280,80,1,4,13,1780
83cff89e,24,25,20,20,18,v1-06,v1,v1,True,14360,14180,180,1,5,10,1680
83cff89e,24,25,20,20,19,v1-05,v1,v1,True,14140,13960,180,1,4,11,1660
83cff89e,24,25,20,20,20,gpt-05,gpt,gpt,True,14064,13984,80,1,4,12,1584
9372b7e1,300,301,20,3,1,yilin,yilin,yilin,True,215626,63676,151950,3,33,95,14276
9372b7e1,300,301,20,3,2,shizhen-gpt,shizhen-gpt,gpt,True,77634,63484,14150,4,18,59,12184
9372b7e1,300,301,20,3,3,shizhen-gemini,shizhen-gemini,gemini,True,62510,61960,550,4,24,55,9260
9372b7e1,300,301,20,3,4,random-11,random,baseline,False,48850,0,48850,0,0,0,0
9372b7e1,300,301,20,3,5,random-12,random,baseline,False,31580,0,31580,0,0,0,0
9372b7e1,300,301,20,3,6,random-9,random,baseline,False,31200,0,31200,0,0,0,0
9372b7e1,300,301,20,3,7,random-16,random,baseline,False,29450,0,29450,0,0,0,0
9372b7e1,300,301,20,3,8,random-14,random,baseline,False,28730,0,28730,0,0,0,0
9372b7e1,300,301,20,3,9,random-15,random,baseline,False,20910,0,20910,0,0,0,0
9372b7e1,300,301,20,3,10,random-7,random,baseline,False,19790,0,19790,0,0,0,0
9372b7e1,300,301,20,3,11,random-8,random,baseline,False,18030,0,18030,0,0,0,0
9372b7e1,300,301,20,3,12,random-10,random,baseline,False,17600,0,17600,0,0,0,0
9372b7e1,300,301,20,3,13,random-5,random,baseline,False,10320,0,10320,0,0,0,0
9372b7e1,300,301,20,3,14,random-2,random,baseline,False,10000,0,10000,0,0,0,0
9372b7e1,300,301,20,3,15,baseline,baseline,baseline,False,8940,0,8940,0,0,0,0
9372b7e1,300,301,20,3,16,random-13,random,baseline,False,8770,0,8770,0,0,0,0
9372b7e1,300,301,20,3,17,random-6,random,baseline,False,4160,0,4160,0,0,0,0
9372b7e1,300,301,20,3,18,random-1,random,baseline,False,2890,0,2890,0,0,0,0
9372b7e1,300,301,20,3,19,random-4,random,baseline,False,2250,0,2250,0,0,0,0
9372b7e1,300,301,20,3,20,random-3,random,baseline,False,1870,0,1870,0,0,0,0
96b52470,1,2,4,4,1,baseline,baseline,baseline,True,11910,11900,10,1,4,0,700
96b52470,1,2,4,4,2,shizhen-gpt,shizhen-gpt,gpt,True,11910,11900,10,1,4,0,700
96b52470,1,2,4,4,3,shizhen-gemini,shizhen-gemini,gemini,True,11910,11900,10,1,4,0,700
96b52470,1,2,4,4,4,yilin,yilin,yilin,True,11510,11100,410,1,2,0,500
988f0aab,30,31,3,3,1,v1,v1,v1,True,16530,15100,1430,1,6,13,2000
988f0aab,30,31,3,3,2,gemini,gemini,gemini,True,15838,15608,230,1,5,17,2408
988f0aab,30,31,3,3,3,gpt,gpt,gpt,True,15200,14870,330,1,7,10,1770
9caa2157,140,141,20,15,1,v1-02,v1,v1,True,84983,48383,36600,3,16,54,8183
9caa2157,140,141,20,15,2,gpt-frozen-09,gpt,gpt,True,82713,61803,20910,4,22,54,9803
9caa2157,140,141,20,15,3,v1-09,v1,v1,True,80000,48590,31410,3,17,49,8590
9caa2157,140,141,20,15,4,gpt-frozen-02,gpt,gpt,True,68457,64397,4060,4,23,53,12197
9caa2157,140,141,20,15,5,v1-08,v1,v1,True,68360,44540,23820,3,17,34,6040
9caa2157,140,141,20,15,6,v1-04,v1,v1,True,53314,43694,9620,3,17,30,5594
9caa2157,140,141,20,15,7,gpt-frozen-01,gpt,gpt,True,49021,47131,1890,3,19,43,7131
9caa2157,140,141,20,15,8,v1-01,v1,v1,True,48012,47372,640,3,16,47,7872
9caa2157,140,141,20,15,9,gpt-frozen-06,gpt,gpt,True,47049,46069,980,3,20,38,6269
9caa2157,140,141,20,15,10,v1-07,v1,v1,True,45424,44594,830,3,15,37,6394
9caa2157,140,141,20,15,11,v1-10,v1,v1,True,42490,41770,720,3,16,20,4970
9caa2157,140,141,20,15,12,gpt-frozen-04,gpt,gpt,True,18355,15825,2530,1,6,17,2325
9caa2157,140,141,20,15,13,v1-03,v1,v1,True,17396,17256,140,1,5,27,3056
9caa2157,140,141,20,15,14,gpt-frozen-03,gpt,gpt,True,16918,16818,100,1,4,27,2918
9caa2157,140,141,20,15,15,v1-05,v1,v1,True,16713,16633,80,1,5,23,2833
9caa2157,140,141,20,15,16,target-gpt,target-gpt,gpt,False,3450,2980,470,0,3,11,980
9caa2157,140,141,20,15,17,gpt-frozen-08,gpt,gpt,False,130,0,130,0,0,0,0
9caa2157,140,141,20,15,18,gpt-frozen-07,gpt,gpt,False,80,0,80,0,0,0,0
9caa2157,140,141,20,15,19,v1-06,v1,v1,False,70,0,70,0,0,0,0
9caa2157,140,141,20,15,20,gpt-frozen-05,gpt,gpt,False,40,0,40,0,0,0,0
ab844bde,300,301,20,2,1,shizhen-gpt,shizhen-gpt,gpt,True,185152,79672,105480,5,25,73,14872
ab844bde,300,301,20,2,2,yilin,yilin,yilin,False,110150,0,110150,0,0,0,0
ab844bde,300,301,20,2,3,baseline,baseline,baseline,True,89078,49338,39740,3,18,53,8638
ab844bde,300,301,20,2,4,random-10,random,baseline,False,64940,0,64940,0,0,0,0
ab844bde,300,301,20,2,5,random-14,random,baseline,False,55140,0,55140,0,0,0,0
ab844bde,300,301,20,2,6,random-9,random,baseline,False,43000,0,43000,0,0,0,0
ab844bde,300,301,20,2,7,random-5,random,baseline,False,40480,0,40480,0,0,0,0
ab844bde,300,301,20,2,8,random-11,random,baseline,False,39320,0,39320,0,0,0,0
ab844bde,300,301,20,2,9,random-13,random,baseline,False,38920,0,38920,0,0,0,0
ab844bde,300,301,20,2,10,random-2,random,baseline,False,38750,0,38750,0,0,0,0
ab844bde,300,301,20,2,11,random-15,random,baseline,False,33480,0,33480,0,0,0,0
ab844bde,300,301,20,2,12,random-7,random,baseline,False,31060,0,31060,0,0,0,0
ab844bde,300,301,20,2,13,random-8,random,baseline,False,20210,0,20210,0,0,0,0
ab844bde,300,301,20,2,14,random-12,random,baseline,False,16180,0,16180,0,0,0,0
ab844bde,300,301,20,2,15,random-6,random,baseline,False,12800,0,12800,0,0,0,0
ab844bde,300,301,20,2,16,random-16,random,baseline,False,11230,0,11230,0,0,0,0
ab844bde,300,301,20,2,17,random-4,random,baseline,False,9090,0,9090,0,0,0,0
ab844bde,300,301,20,2,18,random-1,random,baseline,False,4070,0,4070,0,0,0,0
ab844bde,300,301,20,2,19,random-3,random,baseline,False,3010,0,3010,0,0,0,0
ab844bde,300,301,20,2,20,shizhen-gemini,shizhen-gemini,gemini,False,90,0,90,0,0,0,0
af863375,300,301,20,3,1,yilin,yilin,yilin,True,292898,141888,151010,8,48,186,28888
af863375,300,301,20,3,2,random-10,random,baseline,False,91310,0,91310,0,0,0,0
af863375,300,301,20,3,3,baseline,baseline,baseline,True,63624,51964,11660,3,18,60,10564
af863375,300,301,20,3,4,shizhen-gpt,shizhen-gpt,gpt,True,61313,60743,570,4,23,51,8743
af863375,300,301,20,3,5,random-14,random,baseline,False,54030,0,54030,0,0,0,0
af863375,300,301,20,3,6,random-11,random,baseline,False,46990,0,46990,0,0,0,0
af863375,300,301,20,3,7,random-13,random,baseline,False,39920,0,39920,0,0,0,0
af863375,300,301,20,3,8,random-15,random,baseline,False,36980,0,36980,0,0,0,0
af863375,300,301,20,3,9,random-2,random,baseline,False,35300,0,35300,0,0,0,0
af863375,300,301,20,3,10,random-9,random,baseline,False,32660,0,32660,0,0,0,0
af863375,300,301,20,3,11,random-7,random,baseline,False,32230,0,32230,0,0,0,0
af863375,300,301,20,3,12,random-5,random,baseline,False,29350,0,29350,0,0,0,0
af863375,300,301,20,3,13,random-8,random,baseline,False,25860,0,25860,0,0,0,0
af863375,300,301,20,3,14,random-4,random,baseline,False,23780,0,23780,0,0,0,0
af863375,300,301,20,3,15,random-12,random,baseline,False,21170,0,21170,0,0,0,0
af863375,300,301,20,3,16,random-6,random,baseline,False,20000,0,20000,0,0,0,0
af863375,300,301,20,3,17,random-16,random,baseline,False,11910,0,11910,0,0,0,0
af863375,300,301,20,3,18,random-3,random,baseline,False,11170,0,11170,0,0,0,0
af863375,300,301,20,3,19,random-1,random,baseline,False,7050,0,7050,0,0,0,0
af863375,300,301,20,3,20,shizhen-gemini,shizhen-gemini,gemini,False,50,0,50,0,0,0,0
b7e63af5,3056,3057,20,2,1,gpt,gpt,gpt,True,1352805,72035,1280770,4,25,72,17335
b7e63af5,3056,3057,20,2,2,yilin-02,yilin,yilin,True,343778,21038,322740,1,6,44,4838
b7e63af5,3056,3057,20,2,3,yilin-05,yilin,yilin,False,131900,0,131900,0,0,0,0
b7e63af5,3056,3057,20,2,4,yilin-08,yilin,yilin,False,114860,0,114860,0,0,0,0
b7e63af5,3056,3057,20,2,5,yilin-07,yilin,yilin,False,84480,0,84480,0,0,0,0
b7e63af5,3056,3057,20,2,6,yilin-06,yilin,yilin,False,68440,0,68440,0,0,0,0
b7e63af5,3056,3057,20,2,7,yilin-03,yilin,yilin,False,61310,0,61310,0,0,0,0
b7e63af5,3056,3057,20,2,8,yilin-04,yilin,yilin,False,57750,0,57750,0,0,0,0
b7e63af5,3056,3057,20,2,9,yilin-09,yilin,yilin,False,55210,0,55210,0,0,0,0
b7e63af5,3056,3057,20,2,10,yilin-01,yilin,yilin,False,18270,0,18270,0,0,0,0
b7e63af5,3056,3057,20,2,11,gemini-03,gemini,gemini,False,310,0,310,0,0,0,0
b7e63af5,3056,3057,20,2,12,gemini-04,gemini,gemini,False,140,0,140,0,0,0,0
b7e63af5,3056,3057,20,2,13,gemini-10,gemini,gemini,False,110,0,110,0,0,0,0
b7e63af5,3056,3057,20,2,14,gemini-05,gemini,gemini,False,90,0,90,0,0,0,0
b7e63af5,3056,3057,20,2,15,gemini-02,gemini,gemini,False,60,0,60,0,0,0,0
b7e63af5,3056,3057,20,2,16,gemini-07,gemini,gemini,False,60,0,60,0,0,0,0
b7e63af5,3056,3057,20,2,17,gemini-06,gemini,gemini,False,50,0,50,0,0,0,0
b7e63af5,3056,3057,20,2,18,gemini-08,gemini,gemini,False,30,0,30,0,0,0,0
b7e63af5,3056,3057,20,2,19,gemini-09,gemini,gemini,False,30,0,30,0,0,0,0
b7e63af5,3056,3057,20,2,20,gemini-01,gemini,gemini,False,0,0,0,0,0,0,0
c2f5fc26,133,134,3,3,1,yilin,yilin,yilin,True,148610,116370,32240,7,53,103,20170
c2f5fc26,133,134,3,3,2,shizhen-gpt,shizhen-gpt,gpt,True,91170,57800,33370,4,21,36,7900
c2f5fc26,133,134,3,3,3,shizhen-gemini,shizhen-gemini,gemini,True,80010,57560,22450,4,21,30,8260
c999a628,2,3,2,2,1,baseline,baseline,baseline,True,11920,11900,20,1,4,0,700
c999a628,2,3,2,2,2,yilin,yilin,yilin,True,11920,11600,320,1,3,0,700
cada2771,300,301,20,3,1,yilin,yilin,yilin,False,139000,0,139000,0,0,0,0
cada2771,300,301,20,3,2,shizhen-gpt,shizhen-gpt,gpt,True,90742,50402,40340,3,18,60,9002
cada2771,300,301,20,3,3,shizhen-gemini,shizhen-gemini,gemini,True,80089,78919,1170,5,25,63,15119
cada2771,300,301,20,3,4,baseline,baseline,baseline,True,66923,48873,18050,3,17,55,8273
cada2771,300,301,20,3,5,random-11,random,baseline,False,50500,0,50500,0,0,0,0
cada2771,300,301,20,3,6,random-10,random,baseline,False,50100,0,50100,0,0,0,0
cada2771,300,301,20,3,7,random-5,random,baseline,False,46160,0,46160,0,0,0,0
cada2771,300,301,20,3,8,random-15,random,baseline,False,42230,0,42230,0,0,0,0
cada2771,300,301,20,3,9,random-14,random,baseline,False,34780,0,34780,0,0,0,0
cada2771,300,301,20,3,10,random-12,random,baseline,False,29970,0,29970,0,0,0,0
cada2771,300,301,20,3,11,random-9,random,baseline,False,22890,0,22890,0,0,0,0
cada2771,300,301,20,3,12,random-2,random,baseline,False,22230,0,22230,0,0,0,0
cada2771,300,301,20,3,13,random-7,random,baseline,False,18990,0,18990,0,0,0,0
cada2771,300,301,20,3,14,random-6,random,baseline,False,18650,0,18650,0,0,0,0
cada2771,300,301,20,3,15,random-16,random,baseline,False,10880,0,10880,0,0,0,0
cada2771,300,301,20,3,16,random-8,random,baseline,False,9360,0,9360,0,0,0,0
cada2771,300,301,20,3,17,random-13,random,baseline,False,6160,0,6160,0,0,0,0
cada2771,300,301,20,3,18,random-1,random,baseline,False,3830,0,3830,0,0,0,0
cada2771,300,301,20,3,19,random-4,random,baseline,False,3510,0,3510,0,0,0,0
cada2771,300,301,20,3,20,random-3,random,baseline,False,1950,0,1950,0,0,0,0
d53c42af,300,301,20,3,1,yilin,yilin,yilin,True,228112,54762,173350,2,27,104,16262
d53c42af,300,301,20,3,2,random-10,random,baseline,False,73090,0,73090,0,0,0,0
d53c42af,300,301,20,3,3,random-9,random,baseline,False,67740,0,67740,0,0,0,0
d53c42af,300,301,20,3,4,baseline,baseline,baseline,True,62624,51574,11050,3,18,62,9974
d53c42af,300,301,20,3,5,shizhen-gemini,shizhen-gemini,gemini,True,61068,60318,750,4,23,44,9018
d53c42af,300,301,20,3,6,random-11,random,baseline,False,60000,0,60000,0,0,0,0
d53c42af,300,301,20,3,7,random-13,random,baseline,False,46660,0,46660,0,0,0,0
d53c42af,300,301,20,3,8,random-8,random,baseline,False,43290,0,43290,0,0,0,0
d53c42af,300,301,20,3,9,random-12,random,baseline,False,34930,0,34930,0,0,0,0
d53c42af,300,301,20,3,10,random-7,random,baseline,False,34470,0,34470,0,0,0,0
d53c42af,300,301,20,3,11,random-16,random,baseline,False,26560,0,26560,0,0,0,0
d53c42af,300,301,20,3,12,random-1,random,baseline,False,24460,0,24460,0,0,0,0
d53c42af,300,301,20,3,13,random-15,random,baseline,False,23330,0,23330,0,0,0,0
d53c42af,300,301,20,3,14,random-14,random,baseline,False,19410,0,19410,0,0,0,0
d53c42af,300,301,20,3,15,random-6,random,baseline,False,16420,0,16420,0,0,0,0
d53c42af,300,301,20,3,16,random-4,random,baseline,False,9630,0,9630,0,0,0,0
d53c42af,300,301,20,3,17,random-5,random,baseline,False,8990,0,8990,0,0,0,0
d53c42af,300,301,20,3,18,random-3,random,baseline,False,7620,0,7620,0,0,0,0
d53c42af,300,301,20,3,19,random-2,random,baseline,False,5330,0,5330,0,0,0,0
d53c42af,300,301,20,3,20,shizhen-gpt,shizhen-gpt,gpt,False,10,0,10,0,0,0,0
dbed035f,120,121,19,16,1,random-12,random,baseline,True,93068,23718,69350,1,34,0,3518
dbed035f,120,121,19,16,2,random-16,random,baseline,True,89560,22890,66670,1,32,0,3290
dbed035f,120,121,19,16,3,random-5,random,baseline,True,85324,21314,64010,1,28,0,2914
dbed035f,120,121,19,16,4,random-3,random,baseline,True,84550,24570,59980,1,36,0,3770
dbed035f,120,121,19,16,5,random-17,random,baseline,True,82990,23800,59190,1,34,0,3600
dbed035f,120,121,19,16,6,random-14,random,baseline,True,82726,18006,64720,1,20,0,2006
dbed035f,120,121,19,16,7,random-13,random,baseline,True,71830,20540,51290,1,26,0,2740
dbed035f,120,121,19,16,8,random-10,random,baseline,True,71520,20600,50920,1,26,0,2800
dbed035f,120,121,19,16,9,random-2,random,baseline,True,71333,18293,53040,1,21,0,1993
dbed035f,120,121,19,16,10,random-11,random,baseline,True,70930,19720,51210,1,24,0,2520
dbed035f,120,121,19,16,11,random-4,random,baseline,True,70270,21350,48920,1,28,0,2950
dbed035f,120,121,19,16,12,random-6,random,baseline,True,63723,19353,44370,1,23,0,2453
dbed035f,120,121,19,16,13,random-9,random,baseline,True,58388,19778,38610,1,24,0,2578
dbed035f,120,121,19,16,14,random-8,random,baseline,True,54560,17800,36760,1,19,0,2100
dbed035f,120,121,19,16,15,random-1,random,baseline,False,42550,0,42550,0,0,0,0
dbed035f,120,121,19,16,16,random-7,random,baseline,False,33540,8710,24830,0,22,0,2110
dbed035f,120,121,19,16,17,shizhen-gemini,shizhen-gemini,gemini,True,20753,20683,70,1,4,46,4883
dbed035f,120,121,19,16,18,random-15,random,baseline,False,19970,2730,17240,0,7,0,630
dbed035f,120,121,19,16,19,shizhen-gpt,shizhen-gpt,gpt,True,16324,16284,40,1,4,23,2784
ddd6fe21,20,21,20,20,1,gpt-09,gpt,gpt,True,16934,16634,300,1,8,17,2534
ddd6fe21,20,21,20,20,2,gpt-08,gpt,gpt,True,16610,16360,250,1,10,10,2360
ddd6fe21,20,21,20,20,3,gpt-03,gpt,gpt,True,15923,15703,220,1,7,14,2203
ddd6fe21,20,21,20,20,4,v1-02,v1,v1,True,15830,15240,590,1,5,16,2140
ddd6fe21,20,21,20,20,5,v1-01,v1,v1,True,15810,15460,350,1,5,17,2260
ddd6fe21,20,21,20,20,6,gpt-02,gpt,gpt,True,15782,15632,150,1,5,19,2232
ddd6fe21,20,21,20,20,7,v1-08,v1,v1,True,15728,15028,700,1,5,15,2028
ddd6fe21,20,21,20,20,8,v1-07,v1,v1,True,15533,15033,500,1,5,15,2033
ddd6fe21,20,21,20,20,9,gpt-06,gpt,gpt,True,15490,15350,140,1,6,14,2150
ddd6fe21,20,21,20,20,10,v1-09,v1,v1,True,15268,15068,200,1,5,15,2068
ddd6fe21,20,21,20,20,11,gpt-07,gpt,gpt,True,14884,14794,90,1,5,14,1894
ddd6fe21,20,21,20,20,12,gpt-05,gpt,gpt,True,14527,14397,130,1,5,11,1797
ddd6fe21,20,21,20,20,13,gpt-04,gpt,gpt,True,14320,14240,80,1,5,10,1740
ddd6fe21,20,21,20,20,14,gpt-01,gpt,gpt,True,14306,14226,80,1,5,10,1726
ddd6fe21,20,21,20,20,15,gemini,gemini,gemini,True,14296,14206,90,1,5,11,1606
ddd6fe21,20,21,20,20,16,v1-03,v1,v1,True,14250,13810,440,1,4,10,1610
ddd6fe21,20,21,20,20,17,v1-06,v1,v1,True,13974,13894,80,1,4,11,1594
ddd6fe21,20,21,20,20,18,v1-10,v1,v1,True,13948,13768,180,1,4,10,1568
ddd6fe21,20,21,20,20,19,v1-05,v1,v1,True,13764,13684,80,1,4,10,1484
ddd6fe21,20,21,20,20,20,v1-04,v1,v1,True,13524,13344,180,1,4,8,1344
f276a8bb,300,301,20,3,1,yilin,yilin,yilin,True,327651,122181,205470,7,50,146,22581
f276a8bb,300,301,20,3,2,random-10,random,baseline,False,93420,0,93420,0,0,0,0
f276a8bb,300,301,20,3,3,shizhen-gpt,shizhen-gpt,gpt,True,84237,69027,15210,4,28,66,14027
f276a8bb,300,301,20,3,4,baseline,baseline,baseline,True,68306,48426,19880,3,18,46,8426
f276a8bb,300,301,20,3,5,random-9,random,baseline,False,58120,0,58120,0,0,0,0
f276a8bb,300,301,20,3,6,random-11,random,baseline,False,56930,0,56930,0,0,0,0
f276a8bb,300,301,20,3,7,random-5,random,baseline,False,43070,0,43070,0,0,0,0
f276a8bb,300,301,20,3,8,random-7,random,baseline,False,42360,0,42360,0,0,0,0
f276a8bb,300,301,20,3,9,random-8,random,baseline,False,41760,0,41760,0,0,0,0
f276a8bb,300,301,20,3,10,random-2,random,baseline,False,35410,0,35410,0,0,0,0
f276a8bb,300,301,20,3,11,random-13,random,baseline,False,35140,0,35140,0,0,0,0
f276a8bb,300,301,20,3,12,random-14,random,baseline,False,24300,0,24300,0,0,0,0
f276a8bb,300,301,20,3,13,random-4,random,baseline,False,23200,0,23200,0,0,0,0
f276a8bb,300,301,20,3,14,random-12,random,baseline,False,22580,0,22580,0,0,0,0
f276a8bb,300,301,20,3,15,random-3,random,baseline,False,19200,0,19200,0,0,0,0
f276a8bb,300,301,20,3,16,random-16,random,baseline,False,17300,0,17300,0,0,0,0
f276a8bb,300,301,20,3,17,random-15,random,baseline,False,16460,0,16460,0,0,0,0
f276a8bb,300,301,20,3,18,random-6,random,baseline,False,9820,0,9820,0,0,0,0
f276a8bb,300,301,20,3,19,random-1,random,baseline,False,9210,0,9210,0,0,0,0
f276a8bb,300,301,20,3,20,shizhen-gemini,shizhen-gemini,gemini,False,20,0,20,0,0,0,0
f9d8bde1,23,24,20,20,1,gpt-diplomacy,gpt-diplomacy,gpt,True,38118,37738,380,3,8,20,3338
f9d8bde1,23,24,20,20,2,yilin,yilin,yilin,True,28256,27726,530,2,13,10,2826
f9d8bde1,23,24,20,20,3,gpt-expansion-fortress,gpt-expansion-fortress,gpt,True,27958,27688,270,2,9,18,3188
f9d8bde1,23,24,20,20,4,gpt-scout-vision,gpt-scout-vision,gpt,True,27300,27040,260,2,8,19,2740
f9d8bde1,23,24,20,20,5,v1-base-assault-08,v1-base-assault,v1,True,27116,26636,480,2,6,20,2836
f9d8bde1,23,24,20,20,6,v1-base-assault-06,v1-base-assault,v1,True,26730,26450,280,2,8,14,2650
f9d8bde1,23,24,20,20,7,gpt-balanced,gpt-balanced,gpt,True,26343,26113,230,2,7,15,2513
f9d8bde1,23,24,20,20,8,v1-base-assault-11,v1-base-assault,v1,True,25850,25670,180,2,7,12,2370
f9d8bde1,23,24,20,20,9,v1-base-assault-09,v1-base-assault,v1,True,25714,25514,200,2,7,13,2114
f9d8bde1,23,24,20,20,10,v1-base-assault-10,v1-base-assault,v1,True,15968,15788,180,1,4,21,2488
f9d8bde1,23,24,20,20,11,v1-base-assault-05,v1-base-assault,v1,True,15440,15360,80,1,4,19,2260
f9d8bde1,23,24,20,20,12,gemini,gemini,gemini,True,15186,15106,80,1,6,13,2006
f9d8bde1,23,24,20,20,13,v1-base-assault-07,v1-base-assault,v1,True,14655,14575,80,1,4,15,1875
f9d8bde1,23,24,20,20,14,v1-base-assault-02,v1-base-assault,v1,True,14454,14374,80,1,4,13,1874
f9d8bde1,23,24,20,20,15,v1-base-assault-12,v1-base-assault,v1,True,14260,14130,130,1,5,10,1630
f9d8bde1,23,24,20,20,16,v1-base-assault-01,v1-base-assault,v1,True,14210,14080,130,1,5,10,1580
f9d8bde1,23,24,20,20,17,v1-base-assault-04,v1-base-assault,v1,True,14140,13960,180,1,4,11,1660
f9d8bde1,23,24,20,20,18,v1-base-assault-03,v1-base-assault,v1,True,13928,13798,130,1,4,10,1598
f9d8bde1,23,24,20,20,19,xinyang,xinyang,xinyang,True,12260,12130,130,1,3,3,930
f9d8bde1,23,24,20,20,20,gpt-air-control,gpt-air-control,gpt,True,11974,11944,30,1,3,2,844
